1,./demos/web/dataset/align/Hwang/hwang (48).png
1,./demos/web/dataset/align/Hwang/hwang (81).png
1,./demos/web/dataset/align/Hwang/hwang (90).png
1,./demos/web/dataset/align/Hwang/hwang (55).png
1,./demos/web/dataset/align/Hwang/hwang (73).png
1,./demos/web/dataset/align/Hwang/hwang (80).png
1,./demos/web/dataset/align/Hwang/hwang (5).png
1,./demos/web/dataset/align/Hwang/hwang (42).png
1,./demos/web/dataset/align/Hwang/hwang (72).png
1,./demos/web/dataset/align/Hwang/hwang (57).png
1,./demos/web/dataset/align/Hwang/hwang (94).png
1,./demos/web/dataset/align/Hwang/hwang (50).png
1,./demos/web/dataset/align/Hwang/hwang (88).png
1,./demos/web/dataset/align/Hwang/hwang (84).png
1,./demos/web/dataset/align/Hwang/hwang (9).png
1,./demos/web/dataset/align/Hwang/hwang (92).png
1,./demos/web/dataset/align/Hwang/hwang (71).png
1,./demos/web/dataset/align/Hwang/hwang (56).png
1,./demos/web/dataset/align/Hwang/hwang (93).png
1,./demos/web/dataset/align/Hwang/hwang (85).png
1,./demos/web/dataset/align/Hwang/hwang (99).png
1,./demos/web/dataset/align/Hwang/hwang (70).png
1,./demos/web/dataset/align/Hwang/hwang (45).png
1,./demos/web/dataset/align/Hwang/hwang (76).png
1,./demos/web/dataset/align/Hwang/hwang (52).png
1,./demos/web/dataset/align/Hwang/hwang (47).png
1,./demos/web/dataset/align/Hwang/hwang (51).png
1,./demos/web/dataset/align/Hwang/hwang (75).png
1,./demos/web/dataset/align/Hwang/hwang (86).png
1,./demos/web/dataset/align/Hwang/hwang (7).png
1,./demos/web/dataset/align/Hwang/hwang (74).png
1,./demos/web/dataset/align/Hwang/hwang (78).png
1,./demos/web/dataset/align/Hwang/hwang (46).png
1,./demos/web/dataset/align/Hwang/hwang (98).png
1,./demos/web/dataset/align/Hwang/hwang (91).png
1,./demos/web/dataset/align/Hwang/hwang (8).png
1,./demos/web/dataset/align/Hwang/hwang (89).png
1,./demos/web/dataset/align/Hwang/hwang (4).png
1,./demos/web/dataset/align/Hwang/hwang (87).png
1,./demos/web/dataset/align/Hwang/hwang (96).png
1,./demos/web/dataset/align/Hwang/hwang (95).png
1,./demos/web/dataset/align/Hwang/hwang (53).png
1,./demos/web/dataset/align/Hwang/hwang (43).png
1,./demos/web/dataset/align/Hwang/hwang (49).png
1,./demos/web/dataset/align/Hwang/hwang (79).png
1,./demos/web/dataset/align/Hwang/hwang (54).png
1,./demos/web/dataset/align/Hwang/hwang (77).png
1,./demos/web/dataset/align/Hwang/hwang (59).png
1,./demos/web/dataset/align/Hwang/hwang (58).png
1,./demos/web/dataset/align/Hwang/hwang (41).png
1,./demos/web/dataset/align/Hwang/hwang (44).png
1,./demos/web/dataset/align/Hwang/hwang (82).png
1,./demos/web/dataset/align/Hwang/hwang (83).png
1,./demos/web/dataset/align/Hwang/hwang (40).png
2,./demos/web/dataset/align/suyoung/11.png
2,./demos/web/dataset/align/suyoung/10.png
2,./demos/web/dataset/align/suyoung/9.png
2,./demos/web/dataset/align/suyoung/17.png
2,./demos/web/dataset/align/suyoung/16.png
2,./demos/web/dataset/align/suyoung/3.png
2,./demos/web/dataset/align/suyoung/1.png
2,./demos/web/dataset/align/suyoung/15.png
2,./demos/web/dataset/align/suyoung/7.png
2,./demos/web/dataset/align/suyoung/2.png
2,./demos/web/dataset/align/suyoung/20.png
2,./demos/web/dataset/align/suyoung/14.png
2,./demos/web/dataset/align/suyoung/8.png
2,./demos/web/dataset/align/suyoung/13.png
2,./demos/web/dataset/align/suyoung/6.png
2,./demos/web/dataset/align/suyoung/4.png
2,./demos/web/dataset/align/suyoung/5.png
2,./demos/web/dataset/align/suyoung/12.png
2,./demos/web/dataset/align/suyoung/19.png
2,./demos/web/dataset/align/suyoung/21.png
2,./demos/web/dataset/align/suyoung/18.png
3,./demos/web/dataset/align/ssong/48.png
3,./demos/web/dataset/align/ssong/21.png
3,./demos/web/dataset/align/ssong/20.png
3,./demos/web/dataset/align/ssong/4.png
3,./demos/web/dataset/align/ssong/ssong (6).png
3,./demos/web/dataset/align/ssong/ssong (9).png
3,./demos/web/dataset/align/ssong/ssong (21).png
4,./demos/web/dataset/align/boyoung/1 (77).png
4,./demos/web/dataset/align/boyoung/1 (76).png
4,./demos/web/dataset/align/boyoung/1 (50).png
4,./demos/web/dataset/align/boyoung/1 (88).png
4,./demos/web/dataset/align/boyoung/1 (92).png
4,./demos/web/dataset/align/boyoung/1 (84).png
4,./demos/web/dataset/align/boyoung/1 (48).png
4,./demos/web/dataset/align/boyoung/1 (75).png
4,./demos/web/dataset/align/boyoung/1 (46).png
4,./demos/web/dataset/align/boyoung/1 (72).png
4,./demos/web/dataset/align/boyoung/1 (78).png
4,./demos/web/dataset/align/boyoung/1 (93).png
4,./demos/web/dataset/align/boyoung/1 (83).png
4,./demos/web/dataset/align/boyoung/1 (82).png
4,./demos/web/dataset/align/boyoung/1 (87).png
4,./demos/web/dataset/align/boyoung/1 (90).png
4,./demos/web/dataset/align/boyoung/1 (44).png
4,./demos/web/dataset/align/boyoung/1 (58).png
4,./demos/web/dataset/align/boyoung/1 (4).png
4,./demos/web/dataset/align/boyoung/1 (59).png
4,./demos/web/dataset/align/boyoung/1 (96).png
4,./demos/web/dataset/align/boyoung/1 (7).png
4,./demos/web/dataset/align/boyoung/1 (43).png
4,./demos/web/dataset/align/boyoung/1 (94).png
4,./demos/web/dataset/align/boyoung/1 (81).png
4,./demos/web/dataset/align/boyoung/1 (55).png
4,./demos/web/dataset/align/boyoung/1 (74).png
4,./demos/web/dataset/align/boyoung/1 (40).png
4,./demos/web/dataset/align/boyoung/1 (47).png
4,./demos/web/dataset/align/boyoung/1 (9).png
4,./demos/web/dataset/align/boyoung/1 (99).png
4,./demos/web/dataset/align/boyoung/1 (70).png
4,./demos/web/dataset/align/boyoung/1 (79).png
4,./demos/web/dataset/align/boyoung/1 (97).png
4,./demos/web/dataset/align/boyoung/1 (89).png
4,./demos/web/dataset/align/boyoung/1 (56).png
4,./demos/web/dataset/align/boyoung/1 (80).png
4,./demos/web/dataset/align/boyoung/1 (91).png
4,./demos/web/dataset/align/boyoung/1 (42).png
4,./demos/web/dataset/align/boyoung/1 (98).png
4,./demos/web/dataset/align/boyoung/1 (85).png
4,./demos/web/dataset/align/boyoung/1 (57).png
4,./demos/web/dataset/align/boyoung/1 (8).png
4,./demos/web/dataset/align/boyoung/1 (54).png
4,./demos/web/dataset/align/boyoung/1 (52).png
4,./demos/web/dataset/align/boyoung/1 (95).png
4,./demos/web/dataset/align/boyoung/1 (51).png
4,./demos/web/dataset/align/boyoung/1 (73).png
4,./demos/web/dataset/align/boyoung/1 (53).png
4,./demos/web/dataset/align/boyoung/1 (5).png
4,./demos/web/dataset/align/boyoung/1 (86).png
5,./demos/web/dataset/align/Song/52.png
5,./demos/web/dataset/align/Song/18.png
5,./demos/web/dataset/align/Song/25.png
5,./demos/web/dataset/align/Song/46.png
5,./demos/web/dataset/align/Song/24.png
5,./demos/web/dataset/align/Song/22.png
5,./demos/web/dataset/align/Song/26.png
5,./demos/web/dataset/align/Song/41.png
5,./demos/web/dataset/align/Song/3.png
5,./demos/web/dataset/align/Song/38.png
5,./demos/web/dataset/align/Song/49.png
5,./demos/web/dataset/align/Song/13.png
5,./demos/web/dataset/align/Song/20.png
5,./demos/web/dataset/align/Song/44.png
5,./demos/web/dataset/align/Song/33.png
5,./demos/web/dataset/align/Song/8.png
5,./demos/web/dataset/align/Song/12.png
5,./demos/web/dataset/align/Song/34.png
5,./demos/web/dataset/align/Song/42.png
5,./demos/web/dataset/align/Song/39.png
5,./demos/web/dataset/align/Song/47.png
5,./demos/web/dataset/align/Song/43.png
5,./demos/web/dataset/align/Song/2.png
5,./demos/web/dataset/align/Song/9.png
5,./demos/web/dataset/align/Song/50.png
5,./demos/web/dataset/align/Song/5.png
5,./demos/web/dataset/align/Song/30.png
5,./demos/web/dataset/align/Song/1.png
5,./demos/web/dataset/align/Song/17.png
5,./demos/web/dataset/align/Song/21.png
5,./demos/web/dataset/align/Song/14.png
5,./demos/web/dataset/align/Song/19.png
5,./demos/web/dataset/align/Song/16.png
5,./demos/web/dataset/align/Song/37.png
5,./demos/web/dataset/align/Song/36.png
5,./demos/web/dataset/align/Song/7.png
5,./demos/web/dataset/align/Song/48.png
5,./demos/web/dataset/align/Song/4.png
5,./demos/web/dataset/align/Song/40.png
5,./demos/web/dataset/align/Song/6.png
5,./demos/web/dataset/align/Song/23.png
5,./demos/web/dataset/align/Song/10.png
5,./demos/web/dataset/align/Song/32.png
5,./demos/web/dataset/align/Song/27.png
5,./demos/web/dataset/align/Song/35.png
5,./demos/web/dataset/align/Song/28.png
5,./demos/web/dataset/align/Song/31.png
5,./demos/web/dataset/align/Song/11.png
5,./demos/web/dataset/align/Song/45.png
5,./demos/web/dataset/align/Song/15.png
5,./demos/web/dataset/align/Song/29.png
6,./demos/web/dataset/align/suzy/images (90).png
6,./demos/web/dataset/align/suzy/images (83).png
6,./demos/web/dataset/align/suzy/images (65).png
6,./demos/web/dataset/align/suzy/images (88).png
6,./demos/web/dataset/align/suzy/images (94).png
6,./demos/web/dataset/align/suzy/images (99).png
6,./demos/web/dataset/align/suzy/images (92).png
6,./demos/web/dataset/align/suzy/images (79).png
6,./demos/web/dataset/align/suzy/images (96).png
6,./demos/web/dataset/align/suzy/images (95).png
6,./demos/web/dataset/align/suzy/images (60).png
6,./demos/web/dataset/align/suzy/images (97).png
6,./demos/web/dataset/align/suzy/images (56).png
6,./demos/web/dataset/align/suzy/images (66).png
6,./demos/web/dataset/align/suzy/images (86).png
6,./demos/web/dataset/align/suzy/images (93).png
6,./demos/web/dataset/align/suzy/images (98).png
6,./demos/web/dataset/align/suzy/images (61).png
6,./demos/web/dataset/align/suzy/images (80).png
6,./demos/web/dataset/align/suzy/images (68).png
6,./demos/web/dataset/align/suzy/images (77).png
6,./demos/web/dataset/align/suzy/images (82).png
6,./demos/web/dataset/align/suzy/images (51).png
6,./demos/web/dataset/align/suzy/images (91).png
6,./demos/web/dataset/align/suzy/images (85).png
6,./demos/web/dataset/align/suzy/images (58).png
6,./demos/web/dataset/align/suzy/images (75).png
6,./demos/web/dataset/align/suzy/images (52).png
6,./demos/web/dataset/align/suzy/images (70).png
6,./demos/web/dataset/align/suzy/images (72).png
6,./demos/web/dataset/align/suzy/images (89).png
6,./demos/web/dataset/align/suzy/images (67).png
6,./demos/web/dataset/align/suzy/images (49).png
6,./demos/web/dataset/align/suzy/images (62).png
6,./demos/web/dataset/align/suzy/images (100).png
6,./demos/web/dataset/align/suzy/images (69).png
6,./demos/web/dataset/align/suzy/images (87).png
6,./demos/web/dataset/align/suzy/images (54).png
6,./demos/web/dataset/align/suzy/images (84).png
6,./demos/web/dataset/align/suzy/images (57).png
6,./demos/web/dataset/align/suzy/images (76).png
6,./demos/web/dataset/align/suzy/images (64).png
6,./demos/web/dataset/align/suzy/images (71).png
6,./demos/web/dataset/align/suzy/images (63).png
6,./demos/web/dataset/align/suzy/images (74).png
